{"stats":{"minecraft:custom":{"minecraft:time_since_rest":7215,"minecraft:open_chest":1,"minecraft:damage_taken":20,"minecraft:play_time":7215,"minecraft:sprint_one_cm":36739,"minecraft:walk_one_cm":7405,"minecraft:walk_under_water_one_cm":727,"minecraft:jump":267,"minecraft:leave_game":1,"minecraft:time_since_death":7215,"minecraft:walk_on_water_one_cm":584,"minecraft:total_world_time":7215,"minecraft:climb_one_cm":3164,"minecraft:swim_one_cm":5111,"minecraft:fall_one_cm":7898,"minecraft:fly_one_cm":55934},"minecraft:picked_up":{"minecraft:jungle_log":23,"minecraft:wheat_seeds":2,"minecraft:oak_log":10,"minecraft:poppy":4,"minecraft:melon_slice":10,"minecraft:dirt":5},"minecraft:broken":{"minecraft:golden_axe":1},"minecraft:mined":{"minecraft:grass":6,"minecraft:grass_block":4,"minecraft:oak_log":10,"minecraft:poppy":4,"minecraft:melon":2,"minecraft:jungle_log":23,"minecraft:dirt":1,"minecraft:oak_leaves":4,"minecraft:fern":3},"minecraft:used":{"minecraft:melon_slice":1,"minecraft:golden_axe":32}},"DataVersion":2975}