{"stats":{"minecraft:custom":{"minecraft:open_chest":1,"minecraft:time_since_rest":8720,"minecraft:crouch_one_cm":83,"minecraft:sprint_one_cm":18234,"minecraft:play_time":8720,"minecraft:damage_taken":20,"minecraft:walk_one_cm":7544,"minecraft:sneak_time":25,"minecraft:walk_under_water_one_cm":2671,"minecraft:jump":167,"minecraft:leave_game":2,"minecraft:time_since_death":8720,"minecraft:walk_on_water_one_cm":3428,"minecraft:total_world_time":8720,"minecraft:swim_one_cm":21918,"minecraft:fall_one_cm":4700,"minecraft:fly_one_cm":39796},"minecraft:picked_up":{"minecraft:birch_log":2,"minecraft:oak_log":5,"minecraft:bamboo":59,"minecraft:dark_oak_log":30},"minecraft:broken":{"minecraft:golden_axe":1},"minecraft:mined":{"minecraft:grass":1,"minecraft:oak_log":6,"minecraft:dark_oak_leaves":2,"minecraft:kelp_plant":2,"minecraft:birch_log":2,"minecraft:bamboo":7,"minecraft:dark_oak_log":31},"minecraft:used":{"minecraft:golden_helmet":1,"minecraft:golden_axe":32}},"DataVersion":2975}